residue,gini_score
ASP2,0.046949143995673855
GLN4,0.03368348269427423
GLN5,0.07559364252129273
LEU6,0.019854647875912828
HD17,0.02229542104819594
SER8,0.020513211539526864
GLN9,0.026766574191587747
LS110,0.019792972587862678
ARG11,0.0328999765798711
LYS12,0.061781387047992284
ILE13,0.03163303486425968
THR14,0.04807569461737318
LEU15,0.019307624074293227
ASP18,0.1146724498995688
GLU19,0.05570317680107904
GLN21,0.03233794113174042
LEU22,0.0384603215967647
SER24,0.04217717201475432
GLN25,0.043296335740379346
LS226,0.035599904978284726
ARG27,0.11231277321797933
HM129,0.04221056510272619
FE130,0.024082545878606806
