,mc6,mc6s,mc6sa
ASP2,0.8998532683276259,0.8549098418411079,0.44726587787019223
GLN4,0.9369127531955701,0.34617524692287477,0.7445838029521201
GLN5,1.537571534072447,0.9736643982009984,0.5481498552217643
LEU6,0.8486806965530498,0.6679221896523602,0.2990798765511598
HD17,0.5045741231584862,0.332683112831564,0.3033300166311512
SER8,0.718520621522936,0.4140787924917375,0.3923609931457039
GLN9,0.691337896636475,0.46526531624019923,0.522784881651811
LS110,0.692173105285774,0.36845899887445055,0.3406162646956079
ARG11,0.5802981847181055,0.8023067535157801,0.6236613769615402
LYS12,0.7298357917542205,0.6005768243090218,0.5777450328662047
ILE13,0.5705989216781506,0.35690241798689804,0.5488441707815036
THR14,0.35576636740141,0.4892999347779255,0.5389653350841642
LEU15,0.23709329525861242,0.22068358968548712,0.28965759187051143
ASP18,0.7761781468146334,1.1050736278903506,1.6416242687625253
GLU19,0.6766567208788608,0.5130167330732005,0.6230293806071484
GLN21,0.40668535008569734,0.39265172816577587,0.6117602534752183
LEU22,0.24989272128269047,0.714555131143993,0.6274388605028444
SER24,0.299148359747619,0.9134956291762065,0.8857252334618033
GLN25,0.28870182360914026,1.0101051213129357,1.0012137802682108
LS226,0.5291429225267411,0.7137314999925426,0.7087940470840507
ARG27,1.4307632235296872,0.5951677029857456,1.303899786190465
HM129,0.731780859282851,0.6188403052418301,0.5553118787282346
FE130,0.43823862462867985,0.6231132172373096,0.39615561574417274